{
  "metrics": {
    "avg_hold_sec": 114.04761904761905,
    "max_drawdown": 0.9484302412575828,
    "pnl_by_origin": {
      "pumpfun": 0.02726336729068967
    },
    "total_pnl_sol": 0.02726336729068967,
    "trades": 21,
    "winrate": 0.47619047619047616
  },
  "params": {
    "APEX_SCORE_BOOST": 20,
    "COOLDOWN_SEC": 60,
    "ENTRY_MIN_SCORE": 45,
    "MIN_OBS_BUYERS": 2,
    "MIN_OBS_UNIQUE": 3,
    "SAME_FUNDER_FATAL": 0.9,
    "SAME_FUNDER_LIMIT": 0.65
  }
}